origin_name,destination_name,type,constellation_telesat,height_telesat,origin_telesat,destination_telesat,Mean latency there_telesat,Mean latency back_telesat,Min. RTT_telesat,Mean RTT_telesat,Max. RTT_telesat,Smp.std. RTT_telesat,Reply arrival_telesat,constellation_kuiper,height_kuiper,origin_kuiper,destination_kuiper,Mean latency there_kuiper,Mean latency back_kuiper,Min. RTT_kuiper,Mean RTT_kuiper,Max. RTT_kuiper,Smp.std. RTT_kuiper,Reply arrival_kuiper,constellation_starlink,height_starlink,origin_starlink,destination_starlink,Mean latency there_starlink,Mean latency back_starlink,Min. RTT_starlink,Mean RTT_starlink,Max. RTT_starlink,Smp.std. RTT_starlink,Reply arrival_starlink
Cairo,Beirut,isls,telesat,1015,351,355,8.64 ms,8.64 ms,16.12 ms,17.29 ms,20.53 ms,1.27 ms,199980/200000 (100%),kuiper,630.0,1156.0,1160.0,4.98 ms,4.98 ms,9.42 ms,9.96 ms,11.04 ms,0.41 ms,199990/200000 (100%),starlink,550,1584,1588,4.25 ms,4.25 ms,7.95 ms,8.49 ms,9.30 ms,0.40 ms,199992/200000 (100%)
Jerusalem,Izmir,isls,telesat,1015,353,357,8.76 ms,8.76 ms,16.64 ms,17.52 ms,19.83 ms,0.91 ms,199983/200000 (100%),kuiper,630.0,1158.0,1162.0,5.87 ms,5.87 ms,11.27 ms,11.73 ms,12.66 ms,0.36 ms,199989/200000 (100%),starlink,550,1586,1590,5.18 ms,5.18 ms,9.98 ms,10.35 ms,10.94 ms,0.24 ms,199990/200000 (100%)
Beirut,Athens,isls,telesat,1015,355,358,8.81 ms,8.81 ms,16.44 ms,17.63 ms,20.03 ms,1.21 ms,199983/200000 (100%),kuiper,630.0,1160.0,1163.0,6.05 ms,6.05 ms,11.67 ms,12.09 ms,12.85 ms,0.33 ms,199989/200000 (100%),starlink,550,1588,1591,5.45 ms,5.45 ms,10.59 ms,10.90 ms,13.16 ms,0.55 ms,199990/200000 (100%)
Limassol,Ankara,isls,telesat,1015,354,356,8.72 ms,8.72 ms,16.79 ms,17.45 ms,18.83 ms,0.59 ms,199983/200000 (100%),kuiper,630.0,1159.0,1161.0,4.87 ms,4.87 ms,9.37 ms,9.73 ms,10.44 ms,0.30 ms,199991/200000 (100%),starlink,550,1587,1589,4.51 ms,4.51 ms,8.24 ms,9.02 ms,10.01 ms,0.52 ms,199992/200000 (100%)
TelAviv,Tunis,isls,telesat,1015,352,359,11.42 ms,11.42 ms,22.14 ms,22.85 ms,24.80 ms,0.71 ms,199977/200000 (100%),kuiper,630.0,1157.0,1164.0,11.42 ms,11.42 ms,20.96 ms,22.84 ms,25.35 ms,0.88 ms,199978/200000 (100%),starlink,550,1585,1592,11.70 ms,11.70 ms,20.78 ms,23.40 ms,33.30 ms,4.09 ms,199968/200000 (100%)
Izmir,Athens,isls,telesat,1015,357,358,7.50 ms,7.50 ms,13.77 ms,14.99 ms,16.34 ms,0.73 ms,199987/200000 (100%),kuiper,630.0,1162.0,1163.0,4.78 ms,4.78 ms,8.96 ms,9.55 ms,10.75 ms,0.46 ms,199991/200000 (100%),starlink,550,1590,1591,4.00 ms,4.00 ms,7.17 ms,8.00 ms,9.26 ms,0.60 ms,199992/200000 (100%)
Athens,Tunis,isls,telesat,1015,358,359,9.02 ms,9.02 ms,17.29 ms,18.04 ms,19.81 ms,0.68 ms,199981/200000 (100%),kuiper,630.0,1163.0,1164.0,6.67 ms,6.67 ms,13.00 ms,13.35 ms,15.39 ms,0.45 ms,199987/200000 (100%),starlink,550,1591,1592,6.56 ms,6.56 ms,11.85 ms,13.11 ms,19.71 ms,1.68 ms,199984/200000 (100%)
Cairo,Jerusalem,isls,telesat,1015,351,353,8.60 ms,8.60 ms,15.21 ms,17.20 ms,20.78 ms,1.67 ms,199980/200000 (100%),kuiper,630.0,1156.0,1158.0,4.69 ms,4.69 ms,8.93 ms,9.38 ms,10.03 ms,0.30 ms,199991/200000 (100%),starlink,550,1584,1586,3.99 ms,3.99 ms,7.44 ms,7.98 ms,8.82 ms,0.36 ms,199992/200000 (100%)
Jerusalem,Limassol,isls,telesat,1015,353,354,8.75 ms,8.75 ms,16.69 ms,17.50 ms,19.79 ms,0.81 ms,199981/200000 (100%),kuiper,630.0,1158.0,1159.0,5.00 ms,5.00 ms,8.96 ms,9.99 ms,11.95 ms,0.92 ms,199991/200000 (100%),starlink,550,1586,1587,4.03 ms,4.03 ms,7.32 ms,8.06 ms,8.98 ms,0.47 ms,199993/200000 (100%)
Jerusalem,Tunis,isls,telesat,1015,353,359,11.54 ms,11.54 ms,22.43 ms,23.07 ms,24.86 ms,0.64 ms,199977/200000 (100%),kuiper,630.0,1158.0,1164.0,11.64 ms,11.64 ms,21.29 ms,23.28 ms,25.63 ms,0.86 ms,199978/200000 (100%),starlink,550,1586,1592,11.82 ms,11.82 ms,20.97 ms,23.64 ms,33.55 ms,4.09 ms,199968/200000 (100%)
Beirut,Ankara,isls,telesat,1015,355,356,9.06 ms,9.06 ms,16.88 ms,18.11 ms,19.30 ms,0.52 ms,199983/200000 (100%),kuiper,630.0,1160.0,1161.0,5.09 ms,5.09 ms,9.83 ms,10.19 ms,10.70 ms,0.23 ms,199990/200000 (100%),starlink,550,1588,1589,4.64 ms,4.64 ms,8.46 ms,9.27 ms,10.20 ms,0.37 ms,199991/200000 (100%)
Ankara,Tunis,isls,telesat,1015,356,359,10.66 ms,10.66 ms,20.91 ms,21.31 ms,22.03 ms,0.31 ms,199979/200000 (100%),kuiper,630.0,1161.0,1164.0,10.35 ms,10.35 ms,18.94 ms,20.70 ms,24.06 ms,1.20 ms,199980/200000 (100%),starlink,550,1589,1592,10.41 ms,10.41 ms,19.37 ms,20.82 ms,27.81 ms,1.09 ms,199981/200000 (100%)
Izmir,Tunis,isls,telesat,1015,357,359,9.51 ms,9.51 ms,18.36 ms,19.02 ms,20.02 ms,0.56 ms,199981/200000 (100%),kuiper,630.0,1162.0,1164.0,7.81 ms,7.81 ms,14.62 ms,15.62 ms,17.79 ms,0.72 ms,199984/200000 (100%),starlink,550,1590,1592,8.01 ms,8.01 ms,13.62 ms,16.02 ms,22.66 ms,1.82 ms,199983/200000 (100%)
Cairo,Ankara,isls,telesat,1015,351,356,8.94 ms,8.94 ms,17.20 ms,17.88 ms,19.54 ms,0.64 ms,199982/200000 (100%),kuiper,630.0,1156.0,1161.0,5.99 ms,5.99 ms,11.71 ms,11.98 ms,14.92 ms,0.27 ms,199989/200000 (100%),starlink,550,1584,1589,5.35 ms,5.35 ms,10.27 ms,10.70 ms,20.61 ms,0.25 ms,199990/200000 (100%)
Cairo,Izmir,isls,telesat,1015,351,357,8.24 ms,8.24 ms,15.73 ms,16.48 ms,18.49 ms,0.72 ms,199983/200000 (100%),kuiper,630.0,1156.0,1162.0,5.90 ms,5.90 ms,11.10 ms,11.80 ms,13.33 ms,0.64 ms,199989/200000 (100%),starlink,550,1584,1590,5.03 ms,5.03 ms,9.74 ms,10.05 ms,10.71 ms,0.29 ms,199991/200000 (100%)
Limassol,Athens,isls,telesat,1015,354,358,8.31 ms,8.31 ms,15.36 ms,16.62 ms,18.65 ms,1.18 ms,199985/200000 (100%),kuiper,630.0,1159.0,1163.0,5.57 ms,5.57 ms,10.61 ms,11.13 ms,11.90 ms,0.38 ms,199990/200000 (100%),starlink,550,1587,1591,4.81 ms,4.81 ms,9.31 ms,9.62 ms,10.12 ms,0.20 ms,199991/200000 (100%)
Ankara,Athens,isls,telesat,1015,356,358,8.42 ms,8.42 ms,15.20 ms,16.84 ms,18.49 ms,1.01 ms,199985/200000 (100%),kuiper,630.0,1161.0,1163.0,5.48 ms,5.48 ms,10.26 ms,10.97 ms,12.25 ms,0.55 ms,199990/200000 (100%),starlink,550,1589,1591,4.58 ms,4.58 ms,8.91 ms,9.15 ms,9.66 ms,0.19 ms,199991/200000 (100%)
Limassol,Izmir,isls,telesat,1015,354,357,8.34 ms,8.34 ms,15.30 ms,16.68 ms,19.26 ms,1.39 ms,199985/200000 (100%),kuiper,630.0,1159.0,1162.0,5.02 ms,5.02 ms,9.65 ms,10.05 ms,10.76 ms,0.29 ms,199991/200000 (100%),starlink,550,1587,1590,4.43 ms,4.43 ms,8.27 ms,8.87 ms,9.97 ms,0.41 ms,199992/200000 (100%)
TelAviv,Jerusalem,isls,telesat,1015,352,353,8.88 ms,8.88 ms,16.21 ms,17.77 ms,19.26 ms,0.91 ms,199981/200000 (100%),kuiper,630.0,1157.0,1158.0,4.65 ms,4.65 ms,8.44 ms,9.31 ms,10.77 ms,0.71 ms,199992/200000 (100%),starlink,550,1585,1586,3.78 ms,3.78 ms,7.13 ms,7.55 ms,8.37 ms,0.33 ms,199993/200000 (100%)
Jerusalem,Athens,isls,telesat,1015,353,358,8.82 ms,8.82 ms,16.73 ms,17.63 ms,20.18 ms,0.96 ms,199983/200000 (100%),kuiper,630.0,1158.0,1163.0,6.39 ms,6.39 ms,12.20 ms,12.79 ms,13.99 ms,0.50 ms,199988/200000 (100%),starlink,550,1586,1591,5.74 ms,5.74 ms,11.08 ms,11.47 ms,14.43 ms,0.62 ms,199989/200000 (100%)
Limassol,Beirut,isls,telesat,1015,354,355,8.79 ms,8.79 ms,16.81 ms,17.58 ms,19.12 ms,0.65 ms,199981/200000 (100%),kuiper,630.0,1159.0,1160.0,4.90 ms,4.90 ms,8.81 ms,9.79 ms,11.82 ms,0.88 ms,199992/200000 (100%),starlink,550,1587,1588,3.95 ms,3.95 ms,7.09 ms,7.90 ms,8.84 ms,0.60 ms,199993/200000 (100%)
Ankara,Izmir,isls,telesat,1015,356,357,8.54 ms,8.54 ms,15.20 ms,17.09 ms,18.93 ms,1.25 ms,199985/200000 (100%),kuiper,630.0,1161.0,1162.0,5.00 ms,5.00 ms,9.19 ms,10.00 ms,11.34 ms,0.59 ms,199991/200000 (100%),starlink,550,1589,1590,4.10 ms,4.10 ms,7.80 ms,8.20 ms,9.31 ms,0.41 ms,199993/200000 (100%)
TelAviv,Limassol,isls,telesat,1015,352,354,8.66 ms,8.66 ms,16.50 ms,17.31 ms,19.50 ms,0.78 ms,199981/200000 (100%),kuiper,630.0,1157.0,1159.0,5.00 ms,5.00 ms,8.93 ms,9.99 ms,12.01 ms,0.94 ms,199991/200000 (100%),starlink,550,1585,1587,3.96 ms,3.96 ms,7.21 ms,7.92 ms,8.81 ms,0.46 ms,199993/200000 (100%)
Jerusalem,Ankara,isls,telesat,1015,353,356,9.29 ms,9.29 ms,18.06 ms,18.59 ms,19.59 ms,0.40 ms,199982/200000 (100%),,,,,,,,,,,,starlink,550,1586,1589,5.02 ms,5.02 ms,9.58 ms,10.03 ms,11.20 ms,0.42 ms,199991/200000 (100%)
Limassol,Tunis,isls,telesat,1015,354,359,10.75 ms,10.75 ms,20.92 ms,21.49 ms,22.98 ms,0.52 ms,199979/200000 (100%),kuiper,630.0,1159.0,1164.0,10.44 ms,10.44 ms,19.40 ms,20.88 ms,24.21 ms,1.07 ms,199979/200000 (100%),starlink,550,1587,1592,10.91 ms,10.91 ms,20.25 ms,21.82 ms,31.66 ms,3.08 ms,199979/200000 (100%)
TelAviv,Athens,isls,telesat,1015,352,358,8.72 ms,8.72 ms,16.48 ms,17.44 ms,20.15 ms,1.03 ms,199983/200000 (100%),kuiper,630.0,1157.0,1163.0,6.25 ms,6.25 ms,11.93 ms,12.49 ms,13.63 ms,0.49 ms,199988/200000 (100%),starlink,550,1585,1591,5.55 ms,5.55 ms,10.80 ms,11.10 ms,12.62 ms,0.43 ms,199990/200000 (100%)
Cairo,Athens,isls,telesat,1015,351,358,8.30 ms,8.30 ms,15.83 ms,16.59 ms,18.67 ms,0.74 ms,199983/200000 (100%),kuiper,630.0,1156.0,1163.0,6.12 ms,6.12 ms,11.53 ms,12.23 ms,15.19 ms,0.72 ms,199988/200000 (100%),starlink,550,1584,1591,5.31 ms,5.31 ms,10.42 ms,10.63 ms,11.17 ms,0.19 ms,199990/200000 (100%)
TelAviv,Beirut,isls,telesat,1015,352,355,8.99 ms,8.99 ms,17.12 ms,17.98 ms,19.26 ms,0.69 ms,199981/200000 (100%),kuiper,630.0,1157.0,1160.0,4.77 ms,4.77 ms,8.56 ms,9.53 ms,11.57 ms,0.89 ms,199992/200000 (100%),starlink,550,1585,1588,3.88 ms,3.88 ms,7.05 ms,7.76 ms,8.77 ms,0.43 ms,199993/200000 (100%)
TelAviv,Izmir,isls,telesat,1015,352,357,8.66 ms,8.66 ms,16.40 ms,17.32 ms,19.80 ms,0.98 ms,199983/200000 (100%),,,,,,,,,,,,starlink,550,1585,1590,5.06 ms,5.06 ms,9.72 ms,10.11 ms,10.83 ms,0.28 ms,199991/200000 (100%)
Cairo,Tunis,isls,telesat,1015,351,359,10.69 ms,10.69 ms,20.58 ms,21.39 ms,23.31 ms,0.78 ms,199979/200000 (100%),kuiper,630.0,1156.0,1164.0,10.63 ms,10.63 ms,20.11 ms,21.25 ms,24.24 ms,0.71 ms,199979/200000 (100%),starlink,550,1584,1592,10.56 ms,10.56 ms,19.23 ms,21.13 ms,25.96 ms,1.64 ms,199979/200000 (100%)
Cairo,Limassol,isls,telesat,1015,351,354,8.24 ms,8.24 ms,15.48 ms,16.49 ms,19.34 ms,1.06 ms,199981/200000 (100%),kuiper,630.0,1156.0,1159.0,4.98 ms,4.98 ms,9.57 ms,9.95 ms,11.13 ms,0.41 ms,199991/200000 (100%),starlink,550,1584,1587,4.19 ms,4.19 ms,7.82 ms,8.38 ms,9.51 ms,0.44 ms,199992/200000 (100%)
TelAviv,Ankara,isls,telesat,1015,352,356,9.19 ms,9.19 ms,17.88 ms,18.38 ms,19.44 ms,0.43 ms,199982/200000 (100%),kuiper,630.0,1157.0,1161.0,5.44 ms,5.44 ms,10.47 ms,10.88 ms,11.60 ms,0.28 ms,199990/200000 (100%),starlink,550,1585,1589,4.94 ms,4.94 ms,9.39 ms,9.87 ms,11.02 ms,0.42 ms,199991/200000 (100%)
Beirut,Tunis,isls,telesat,1015,355,359,11.41 ms,11.41 ms,22.31 ms,22.82 ms,24.35 ms,0.52 ms,199977/200000 (100%),kuiper,630.0,1160.0,1164.0,11.27 ms,11.27 ms,20.92 ms,22.54 ms,25.51 ms,0.79 ms,199978/200000 (100%),starlink,550,1588,1592,11.70 ms,11.70 ms,21.44 ms,23.39 ms,32.53 ms,3.77 ms,199968/200000 (100%)
Jerusalem,Beirut,isls,telesat,1015,353,355,9.03 ms,9.03 ms,17.10 ms,18.07 ms,19.02 ms,0.59 ms,199981/200000 (100%),kuiper,630.0,1158.0,1160.0,4.75 ms,4.75 ms,8.59 ms,9.51 ms,11.47 ms,0.85 ms,199992/200000 (100%),starlink,550,1586,1588,3.89 ms,3.89 ms,7.16 ms,7.77 ms,8.81 ms,0.41 ms,199993/200000 (100%)
Beirut,Izmir,isls,telesat,1015,355,357,8.75 ms,8.75 ms,16.38 ms,17.51 ms,19.79 ms,1.15 ms,199983/200000 (100%),kuiper,630.0,1160.0,1162.0,5.44 ms,5.44 ms,10.58 ms,10.88 ms,11.58 ms,0.24 ms,199990/200000 (100%),starlink,550,1588,1590,4.96 ms,4.96 ms,9.27 ms,9.93 ms,10.77 ms,0.46 ms,199991/200000 (100%)
Cairo,TelAviv,isls,telesat,1015,351,352,8.51 ms,8.51 ms,15.22 ms,17.02 ms,20.91 ms,1.62 ms,199980/200000 (100%),kuiper,630.0,1156.0,1157.0,4.67 ms,4.67 ms,8.89 ms,9.34 ms,10.05 ms,0.30 ms,199991/200000 (100%),starlink,550,1584,1585,3.99 ms,3.99 ms,7.38 ms,7.98 ms,8.88 ms,0.41 ms,199992/200000 (100%)
